Adrenal,Anus,Appendix,Bile Duct,Bladder,Bone,Brain,Branchial Cyst,Breast,Cervix,Colon,Diaphragm,Duodenum,Esophagus,Eye,Gallbladder,Heart,Kidney,Lg Intestine,Larynx,Lip,Liver,Lung,LN (reg),LN (dist),Omentum,Ovaries,Pancreas,Penis,Pericardium,Peritoneum,Pharynx,Pleura,Prostate,Rectum,Retroperitoneum,Salivary,Skeletal Musc,Skin,Sm Intestine,Spleen,Stomach,Testes,Thyroid,Tongue,Tonsil,Unknown,Uterus,Vagina,Vulva
0.0929190515520092,0,0,0,0.00178164472692025,0.0616255424256426,0.0230358169372603,0,0,0,0,0.0190903020932698,0,0,0,0.00963245294844983,0.0265072091876036,0.0469275622093995,0.014138045914275,0,0,0.0951543800506633,0.0791280244805229,0.186961912738419,0.123020996186119,0.00672498744748724,0,0.0371969890659916,0,0.0203339459979198,0.0203435161871326,0,0.0435042715018189,0.00166246041058577,0,0,0,0.00313158618896787,0.01362543124049,0.00988252147687821,0.0286260648309051,0.00788990882908719,0,0.0237367448263562,0,0,0,0.00169564635666895,0.00172298418915636,0
0.0920985658713449,0,0,0,0.00199107568938372,0.06158096247211,0.0233818297062382,0,0,0,0,0.0193080026180584,0,0,0,0.00965427943543098,0.0267528459719297,0.0473523677189543,0.014191665166836,0,0,0.0949986994315896,0.0791329455033956,0.186638605400248,0.12327331276071,0.00670486763373167,0,0.0361895187741663,0,0.0202875194391622,0.0209903439099425,0,0.0429641252358192,0.00168683888569331,0,0,0,0.0031135531885495,0.0140173065887499,0.00992664477768949,0.0286087817970306,0.00793122683493421,0,0.0234441826014809,0,0,0,0.00199349011052135,0.00178644247629962,0
0.0922034524642367,0,0,0,0.00193804897892572,0.0615661992319858,0.0236693289548894,0,0,0,0,0.0192929278711644,0,0,0,0.0096703206546017,0.0258443266761527,0.0472455036760468,0.0142505271240565,0,0,0.0953131372312076,0.079170514685038,0.187070827411551,0.122996763380019,0.00694531119895146,0,0.0364370072937061,0,0.0200157836989858,0.0207374627471536,0,0.0432081227898112,0.00172091570407122,0,0,0,0.00318828285008963,0.0139564803258724,0.00985368000718024,0.0284308648943415,0.00792798238499005,0,0.0235414051600636,0,0,0,0.00199864625752997,0.00180617634737854,0
0.0921821500134636,0,0,0,0.00192367525660391,0.0615734828203316,0.0237489238678364,0,0,0,0,0.019208342315389,0,0,0,0.00967360469089178,0.0263236936424044,0.045924979782098,0.0144360386755939,0,0,0.0951446141571614,0.079447343999265,0.187206268413742,0.12300847573415,0.00668705455705297,0,0.0360432840175745,0,0.0202635823501198,0.0216960780139832,0,0.0432441091625256,0.00172917342215566,0,0,0,0.00321761671217762,0.0141829900525365,0.00989270813297242,0.0285861730284158,0.00802888303847785,0,0.0229552893419726,0,0,0,0.00193085090825094,0.00174061389285357,0
0.091932717579452,0,0,0,0.0020077318731436,0.0615959119535788,0.0231869214929178,0,0,0,0,0.0191017266688351,0,0,0,0.00966871556668035,0.0269617113980725,0.0475525024471489,0.0142168765671147,0,0,0.0951533710892783,0.0795074757208827,0.186507011694547,0.123030287290547,0.00678225395363384,0,0.0362014988827808,0,0.0201515535160709,0.0207285600551062,0,0.0432900225459425,0.0017129654496062,0,0,0,0.00316189870648486,0.0139205175355557,0.00989210759365771,0.0287183122295039,0.00802946079999443,0,0.0232472835285454,0,0,0,0.00197561780253505,0.00176498605838282,0
0.092667835316629,0,0,0,0.0018230166346877,0.0615508868389879,0.0233207808580198,0,0,0,0,0.0192197349392093,0,0,0,0.00966251522354494,0.0272786039831899,0.0472760103237401,0.0144995096227717,0,0,0.0945218966634963,0.0789679230254045,0.186009716455423,0.123122696469559,0.00657854503236097,0,0.0363748872242792,0,0.0204568452861524,0.020783534795225,0,0.0430946081378812,0.00173869322660364,0,0,0,0.00324013440910727,0.0140621810419334,0.0098173000276425,0.0283093619872657,0.0080614528931503,0,0.0238385533457373,0,0,0,0.00201408926051271,0.00170868697748626,0
0.0917026405859074,0,0,0,0.00188989798684519,0.0615215305878985,0.0229959825240652,0,0,0,0,0.0190460090340031,0,0,0,0.00966561436229106,0.026908761225182,0.0465502201260094,0.0142288556537826,0,0,0.0948047242097329,0.0801861066678551,0.186535081131889,0.123126093851707,0.00681376321766394,0,0.0363663169185135,0,0.0204127875310141,0.0211525464708867,0,0.0431519067966254,0.00174913391092064,0,0,0,0.00316132124127272,0.0137912569099708,0.00988785482009841,0.0287510513311028,0.00799983434919203,0,0.0238264464625245,0,0,0,0.00203150570802987,0.0017427563850166,0
0.0922094383334743,0,0,0,0.00200657459178905,0.0614995677395702,0.0232948641948596,0,0,0,0,0.0192251174549586,0,0,0,0.00968587730045059,0.0261778147725412,0.0470250413906401,0.0142418427851883,0,0,0.0951508048451468,0.0794308947142321,0.18687313725497,0.123158495023344,0.00673293022620043,0,0.0363614288961522,0,0.0200100620766656,0.0207737340712774,0,0.0433065359955086,0.00170985279308099,0,0,0,0.00315962338321658,0.0140947036466927,0.00982394289655733,0.0286938011310251,0.00799212976654657,0,0.0234856353370087,0,0,0,0.00208075261040714,0.00179539676849547,0
0.0916336804589083,0,0,0,0.00196060215821208,0.0616428624089637,0.0233307400013385,0,0,0,0,0.0192010074976869,0,0,0,0.00962881842447658,0.0267114313563178,0.0467082815580547,0.0139899190739907,0,0,0.0948921019217196,0.0799839956775372,0.188415325473506,0.123122903436633,0.00677540724908426,0,0.0352695439440808,0,0.020235721700808,0.0209512557323297,0,0.0432153403861754,0.00172334427690172,0,0,0,0.00321735463196187,0.0138342725165927,0.00980859497697417,0.02846073207831,0.00794830238189609,0,0.0236455366035391,0,0,0,0.00195872190414867,0.00173420216985316,0
0.0926291991966448,0,0,0,0.00216945632369079,0.0616689701316009,0.0235552773679762,0,0,0,0,0.0190565285153901,0,0,0,0.00964580739866383,0.0263850579227384,0.0472031825250948,0.0143120083897342,0,0,0.0944920146671793,0.0789090245047277,0.186331808398315,0.123281320756332,0.00679283261250245,0,0.0359391731561094,0,0.0202288134666891,0.0212013869196127,0,0.0434536987682647,0.00175300630558487,0,0,0,0.0030956743239026,0.0142647324068731,0.00980108936135934,0.0285228259473367,0.00796600393950288,0,0.0235058925850379,0,0,0,0.00207008181982752,0.00176513228930905,0
0.0914846304446177,0,0,0,0.00207019933148045,0.0616258755587417,0.0235640412376636,0,0,0,0,0.0193341904669845,0,0,0,0.00966234397567748,0.0267317004194632,0.0468874596916522,0.0142393114711332,0,0,0.0948672897176889,0.0796536617316657,0.186818119932114,0.123033955482507,0.00670795326757696,0,0.0361849703738417,0,0.0207454452694511,0.0212857240917844,0,0.0431390615569373,0.00174090199192939,0,0,0,0.00322070024462778,0.0134284129470393,0.00988931353519518,0.0286145809948442,0.00796722614594166,0,0.0234111662453359,0,0,0,0.00195251499794203,0.00173924887616388,0
0.0931039434301526,0,0,0,0.00181380535156312,0.0616412661980341,0.0229654693559003,0,0,0,0,0.0191744051857909,0,0,0,0.00972080677465808,0.0266000945929394,0.0467583800616088,0.0143855663716812,0,0,0.0944367039226022,0.0791427062970528,0.187059691790823,0.123185806929537,0.00673477451775162,0,0.0361951504338439,0,0.0203467901864354,0.0211006937706504,0,0.0433022299716021,0.00170037322794796,0,0,0,0.0031210395107841,0.013567331558649,0.00994652694184288,0.0286316313163306,0.0080780462674775,0,0.0236545567640594,0,0,0,0.00191793709505753,0.00171427217522436,0
0.0923524826490517,0,0,0,0.00199271529206925,0.0614765855966691,0.0230743454228346,0,0,0,0,0.0192574110309761,0,0,0,0.0096314751868324,0.0262819319442746,0.0467228377183731,0.0141994911280391,0,0,0.0946828561845776,0.079476180957517,0.187667576789012,0.122917328429123,0.00685388454824382,0,0.0361068118889009,0,0.0201144379493436,0.0209090089490688,0,0.0432763994513085,0.00173900611374237,0,0,0,0.00313270963434115,0.01359637510844,0.00991652984008637,0.0287673028353877,0.00802376646965345,0,0.0240703351557495,0,0,0,0.00199155621705291,0.00176865750933102,0
0.092855229672835,0,0,0,0.00199132579455238,0.0616873139937351,0.0232114063371131,0,0,0,0,0.0191984717972169,0,0,0,0.00966907167725746,0.0267294381148385,0.0467118478284156,0.0143378003933638,0,0,0.0944788515747677,0.0787169285461093,0.187068793142442,0.12319125400496,0.00682659796266693,0,0.0358990895129826,0,0.0205211119880336,0.0212427710778194,0,0.0430148367381036,0.00168576979840207,0,0,0,0.00311422182832772,0.0138054258292154,0.00994766693559858,0.0287015596103813,0.00789537209791157,0,0.0235817624775632,0,0,0,0.00216281352889665,0.00175326773649097,0
0.0923942883431508,0,0,0,0.00208835669947744,0.0614878246592875,0.0229011825195119,0,0,0,0,0.0192891109867194,0,0,0,0.00967897680184407,0.0262298915232661,0.0466665614601118,0.0143389421244222,0,0,0.0949123641172888,0.0793674457929684,0.186965551183578,0.123044587484837,0.00675336295995379,0,0.0360377429454306,0,0.0201785061881834,0.0208317120234677,0,0.0433422644940244,0.0016757827416705,0,0,0,0.00313470814041331,0.0141132038640165,0.0098672182035717,0.0289495664810192,0.00793238174751923,0,0.0240697835014958,0,0,0,0.00200629444879949,0.00174238856397051,0
0.0921744016269365,0,0,0,0.00192086475569217,0.0616074094592731,0.0235536347783418,0,0,0,0,0.01901295551197,0,0,0,0.00973906062299474,0.0266359616679702,0.0466919931075571,0.0141716031664835,0,0,0.0955536275133614,0.0789923155062281,0.187077868770451,0.123165459321237,0.00693748474978355,0,0.0361611804507196,0,0.0201324401941307,0.021337736729198,0,0.043172965743816,0.00173068256508519,0,0,0,0.00324890955133745,0.0134764633249358,0.00984122817349936,0.0284840555100853,0.00798175026529414,0,0.0235832272822933,0,0,0,0.00192109119851722,0.00169362845280772,0
0.0927302314329242,0,0,0,0.00199034506361423,0.0615058357371234,0.0236771167147744,0,0,0,0,0.0193038013211515,0,0,0,0.00969794136485607,0.0262270410774248,0.0467688026156887,0.0144495375237005,0,0,0.0944566375431813,0.0792129814632931,0.187324447649769,0.123008581760672,0.00675157973917304,0,0.0359284637863377,0,0.0200697518782649,0.0210817241946619,0,0.0432996396271302,0.00169868879190821,0,0,0,0.00320012787416115,0.0138603547929796,0.00984635308344967,0.0287636795617444,0.00802585203996147,0,0.0234980111436315,0,0,0,0.00189375679831395,0.00172871542010867,0
0.0920650532287606,0,0,0,0.00194116341022477,0.0615518706733082,0.023752795513469,0,0,0,0,0.0193059074601765,0,0,0,0.00968238512878386,0.0266257497368855,0.0470398780147078,0.0143520655056447,0,0,0.0941231303962349,0.0798792431161088,0.186531470762951,0.122859163198611,0.00690480218361234,0,0.0362696336480026,0,0.0205899427195538,0.0211378480360513,0,0.0434174912444819,0.00169744857229305,0,0,0,0.00312082426426684,0.0135360345293218,0.00992569736430006,0.0287267655926023,0.00798784442265898,0,0.0233903673739448,0,0,0,0.00185721834540686,0.00172820555763653,0
0.0921997674234049,0,0,0,0.0019531826586082,0.0615589946418126,0.0230790478771462,0,0,0,0,0.0192233783698623,0,0,0,0.00969314243034587,0.0266580327841219,0.0468355701528227,0.0140946109775982,0,0,0.0947580400357043,0.0790615500684391,0.187357366672104,0.123291203676469,0.00671061351902981,0,0.0356267539978369,0,0.0207107534096822,0.0214134557206959,0,0.0434815906268467,0.00171082358963359,0,0,0,0.00315489688202882,0.0138753353288473,0.00990524203960382,0.0284885829421122,0.00797053526214305,0,0.0235591492879838,0,0,0,0.00187979401454579,0.00174858561057083,0
0.092711551401291,0,0,0,0.00198735137328996,0.0616860308154249,0.0229847142958909,0,0,0,0,0.0192708245268809,0,0,0,0.0096187421641088,0.0265817236680155,0.0469288543067762,0.0141794639099876,0,0,0.0944259583284151,0.078540386523773,0.186866902940717,0.123131110709633,0.00681036661342038,0,0.0368029473980369,0,0.0204143767489404,0.0210660148247115,0,0.0431454580855244,0.00175432452492958,0,0,0,0.0030989718488813,0.0136312993051926,0.00993244995287273,0.0284934656317491,0.00792252789861597,0,0.0240694408568337,0,0,0,0.00213227816054191,0.00181246318554575,0
0.0927679425310652,0,0,0,0.00203341748768016,0.0615968023702978,0.0238602663552138,0,0,0,0,0.0191621522852024,0,0,0,0.0096621353531115,0.0263115937769321,0.0467132895586079,0.0142444905687175,0,0,0.0947482154859198,0.0781333792594412,0.187390824509888,0.12296445586717,0.00673350208276348,0,0.036415439664363,0,0.0206665166719469,0.0209709959849355,0,0.0431634283321327,0.00177556205306564,0,0,0,0.00313361402377641,0.0139647559352462,0.00978187495855979,0.0288162745199363,0.00796538140968699,0,0.0233205842056995,0,0,0,0.00193831032659338,0.00176479442204716,0
0.0915044835926084,0,0,0,0.00176470946431825,0.0615666177352652,0.0236026586342834,0,0,0,0,0.019121441090922,0,0,0,0.00964595180125917,0.0269992518128262,0.0473608911698407,0.0141789252948041,0,0,0.094462130558945,0.0804062157761356,0.186968039879395,0.123061901449239,0.00672729711684868,0,0.036473536359595,0,0.0205428760774309,0.0205431643340791,0,0.0431377885841384,0.00169150792180332,0,0,0,0.00316307654792267,0.0139448156847125,0.00974884911862887,0.0286355635745731,0.00800739363488938,0,0.0233520005473591,0,0,0,0.00167508161089514,0.00171383062728215,0
0.131646236921645,0,0,0,0.0000869,0.0591406057947501,0.0327418703635773,0,0,0,0,0.02168937250013,0,0,0,0.010150620434505,0.0363923670129065,0.0667699600276469,0.0172374774713015,0,0,0.0802793708709688,0.0522269103097646,0.151149587342487,0.119283804262856,0.0030499029328783,0,0.0465983811672794,0,0.0273275698144339,0.00384468635203946,0,0.0473486465119522,0.000636183807728717,0,0,0,0.00412755101685357,0.00438922164104471,0.00785920883549848,0.0341503094021546,0.00948781370176332,0,0.0317993992795217,0,0,0,0.0000654555704908078,0.000520604981343996,0
0.0924313219672963,0,0,0,0.00141200859378293,0.0615933070501306,0.0238177653696506,0,0,0,0,0.0191200403027189,0,0,0,0.00958887529686384,0.026939205681174,0.0469281728256999,0.0144688719280697,0,0,0.0952882908075572,0.0803194272955057,0.186531096113882,0.123068369832706,0.00683944362258027,0,0.0363402648759051,0,0.0202665064984337,0.0204097962719743,0,0.0434405078809815,0.00168109351640585,0,0,0,0.00312234282108647,0.0134471028299567,0.00987336055529584,0.0285991237393023,0.00789028038237547,0,0.0235815603048064,0,0,0,0.00134842019541967,0.00165344344043858,0
0.0923241405789818,0,0,0,0.00163505475207715,0.061540587488554,0.0237395463166803,0,0,0,0,0.0193070431912159,0,0,0,0.00963890418249962,0.0264896496765614,0.0465683285109478,0.0142789459449455,0,0,0.0947260235030226,0.0798488757950818,0.187296018718203,0.123107212914035,0.00667117924740872,0,0.0362598084669897,0,0.0209297652818026,0.0205663527493819,0,0.0431605031523251,0.00170790128249715,0,0,0,0.00312799359952308,0.0132044717074199,0.00979567931878504,0.0286563368863594,0.00786205240885031,0,0.0240242248377283,0,0,0,0.00183646420481837,0.00169693528330497,0
0.0926660615048532,0,0,0,0.00198035205666247,0.0615525914564302,0.0231934941614447,0,0,0,0,0.0191477181830231,0,0,0,0.00970109973697078,0.0267434351766727,0.0461234110468558,0.0143950962883715,0,0,0.0948795202187295,0.0794550764383473,0.186257132115169,0.123165577423268,0.0067565531081409,0,0.0358989873648503,0,0.0204270309454674,0.0215812255140809,0,0.0433147453945669,0.00174456300885567,0,0,0,0.00327306908063649,0.0137453512523424,0.00974662184478289,0.0287972756509291,0.00800696345699496,0,0.0236357460821301,0,0,0,0.00204666913628399,0.0017646323531409,0
0.0925348211107688,0,0,0,0.00198866438978132,0.0615578429855069,0.0232916108943743,0,0,0,0,0.0193504868429553,0,0,0,0.00965603840067308,0.0263718963113846,0.046267028101694,0.0141316964025811,0,0,0.0951079058333863,0.0801867248309006,0.186705339560879,0.123178756060428,0.00692809183857432,0,0.0363226666430634,0,0.0201743462584521,0.0207304492791647,0,0.0430293889320044,0.00170893616135401,0,0,0,0.00310124092320724,0.0138798362872404,0.00990281551261158,0.0286760349306426,0.00796089064462395,0,0.0233873124418825,0,0,0,0.00211304423736275,0.00175613418450308,0
0.0917639388903076,0,0,0,0.00195493548820433,0.0616551012109239,0.0236606960862736,0,0,0,0,0.0193607884582946,0,0,0,0.00970787050836817,0.0261223784849694,0.0468802691763596,0.0142041670292734,0,0,0.0949991505194195,0.0788186692738415,0.187445060906913,0.123192272693407,0.00672513124189617,0,0.0359942046053439,0,0.0207397143034223,0.0211165103929572,0,0.0433733639112831,0.00170791672903474,0,0,0,0.00321965150530416,0.0139033526726725,0.00980876088408066,0.0288300686956094,0.00801797398168625,0,0.0231130552152688,0,0,0,0.0019154765391341,0.00176952059575106,0
0.092673006283087,0,0,0,0.00203018703846833,0.0617615475824644,0.0233063621967627,0,0,0,0,0.0190685442078904,0,0,0,0.00966732319915361,0.026855121101813,0.0473403476861743,0.0141938247190811,0,0,0.0946847111174343,0.0789142785055844,0.186913682253575,0.123126701096123,0.00679869739943146,0,0.0364073188382429,0,0.0205130500000917,0.019968867240216,0,0.043195037195334,0.00174329473574598,0,0,0,0.00311994367530259,0.0135340354641397,0.00985750321960901,0.0287229882803378,0.00796881807204347,0,0.0240189263891554,0,0,0,0.00186701378570981,0.00174886871702919,0
0.0919974986023813,0,0,0,0.0018662738473335,0.0615587669330861,0.0237810678277239,0,0,0,0,0.0192906599209869,0,0,0,0.00972480185429229,0.0263379985291148,0.0471784849522646,0.0142985933538407,0,0,0.0947386217374568,0.0790825557760534,0.187757566335658,0.123025410889556,0.00670281832018474,0,0.0360965067650418,0,0.0202919958831092,0.0204322795825471,0,0.043179046141649,0.00175154421333444,0,0,0,0.00322441386374047,0.0137215743075372,0.0098225505176581,0.0287870916961181,0.00807769527501244,0,0.0236251314701176,0,0,0,0.00188679927565496,0.00176225212854634,0
0.0923318082192273,0,0,0,0.00181339948495269,0.0616749182501491,0.0232168361313148,0,0,0,0,0.0191704132180118,0,0,0,0.00972311144727071,0.026671558234938,0.0467525463561453,0.0144265922266953,0,0,0.0942912872555464,0.0786826036425328,0.187544839594817,0.122986433538873,0.00676775396252496,0,0.0361697123051692,0,0.0207181869602106,0.0210593339663093,0,0.0431531243539541,0.00170603295912828,0,0,0,0.00322583867344181,0.0136977906500942,0.00985628179114442,0.0293767815155496,0.00806311905426227,0,0.0232506218694291,0,0,0,0.00192261639806043,0.00174645794024715,0
0.0930141583654337,0,0,0,0.00186919773220588,0.0615280921862784,0.0237687466998071,0,0,0,0,0.0191818370724568,0,0,0,0.00967129401777429,0.0265221732449767,0.0469059445121556,0.0142030204349576,0,0,0.0945787124987296,0.0798743655908813,0.186279381117611,0.122994806558897,0.00684692251048255,0,0.0363507594321569,0,0.0204258675789544,0.0199535424255954,0,0.0430219192974751,0.00171384041445262,0,0,0,0.00311157434476293,0.0135870019481954,0.00978851667669436,0.0288549646350436,0.00796676149575724,0,0.0240408760892208,0,0,0,0.00224299322120587,0.00170272989783799,0
0.0923843995086545,0,0,0,0.0017941657185343,0.0615911621342691,0.0232917175966128,0,0,0,0,0.0191846038589619,0,0,0,0.00968233032985079,0.0271226459382561,0.0468607911926677,0.014181159083735,0,0,0.0952053098327946,0.0791839356080281,0.187113440579273,0.123119483390819,0.00676028215361129,0,0.0362452165438068,0,0.0202601921913648,0.0204041914017436,0,0.0434341407527128,0.00163247185878215,0,0,0,0.0031353305778216,0.0137447833586781,0.00989220383244783,0.0287133677325364,0.00804809697455977,0,0.0234536843901179,0,0,0,0.00186442762841242,0.00169646583094767,0
0.0927273730945141,0,0,0,0.0020054592051964,0.0616076244328532,0.02366202724311,0,0,0,0,0.0191953990837072,0,0,0,0.00969529683958347,0.0258956671264364,0.0462705531093069,0.01415365172943,0,0,0.0951370879311406,0.0799011629864077,0.186809663728175,0.123095319295536,0.00687115005709551,0,0.0362147542931941,0,0.0203193645242624,0.0213006078860301,0,0.0431942267020854,0.00170973042215444,0,0,0,0.00310834625793205,0.0136926702770775,0.00991475444398254,0.0286326544417485,0.00783964349342006,0,0.0233360742153994,0,0,0,0.00199723788156614,0.0017124992986549,0
0.0923794482080744,0,0,0,0.00196275433187514,0.0615928300461171,0.0234004218442294,0,0,0,0,0.0194570130554117,0,0,0,0.00967801512784854,0.0267987715248782,0.0457483300762493,0.0141740793409458,0,0,0.094413614484617,0.0791663290154365,0.187489613118568,0.123228040848718,0.00673388391116,0,0.0367319810436433,0,0.0201284512339514,0.0210457481810191,0,0.0432103183368159,0.0017236394803594,0,0,0,0.00319230183215282,0.0138010536566061,0.00994325751715925,0.0285576086868299,0.00794862498888523,0,0.0237176521723113,0,0,0,0.00197525053649677,0.0018009673996408,0
0.0927829172473779,0,0,0,0.00208404522030165,0.0615654411547167,0.0233546800429806,0,0,0,0,0.0190612116162252,0,0,0,0.00963836709839229,0.0264732026047597,0.0467518627164389,0.014230548755356,0,0,0.0946677351292185,0.0785681552726251,0.18719291785455,0.123173070362303,0.00670670985180811,0,0.0361580660050961,0,0.0201256076593628,0.0212215723595706,0,0.0429319271707253,0.00173683869276608,0,0,0,0.00310795852598911,0.0147262353251982,0.00988252833086085,0.0285159120456926,0.00783798392239255,0,0.0237288217702176,0,0,0,0.00200442350101496,0.00177125976405914,0
0.0918613385818533,0,0,0,0.00207826689725757,0.0615432992441935,0.0232386188207797,0,0,0,0,0.0193132802528206,0,0,0,0.00967779932410777,0.0266317090200343,0.0466988581249072,0.0143030420846246,0,0,0.0952461119185356,0.0801090891755214,0.186977467621828,0.123039221096441,0.00666270527355362,0,0.0359994057134344,0,0.0200649236094224,0.0205579609773685,0,0.0429740091118558,0.00174266279976255,0,0,0,0.00318303423909644,0.0139502877473195,0.00987287136498643,0.0286973353262974,0.00805983536106539,0,0.0236377660744736,0,0,0,0.00211238278733357,0.00176671745112666,0
0.0921475235964075,0,0,0,0.00195650250020478,0.0616250924720911,0.0231744001106348,0,0,0,0,0.0191448119510436,0,0,0,0.0097070533241644,0.0265854680831301,0.0468164255933246,0.0143692053216721,0,0,0.0950290949462669,0.0802988793562001,0.186322476824918,0.123231171327256,0.0066982787044765,0,0.0360186415897628,0,0.0203991994254752,0.0209130120642386,0,0.0431934483220843,0.00171587534431736,0,0,0,0.00315249864927467,0.0135211965459297,0.00988994839084724,0.0285275998436829,0.00793867372698906,0,0.0237552577635217,0,0,0,0.00211700429665902,0.00175125992542754,0
0.0913375296871896,0,0,0,0.00208569161073971,0.0616456458737142,0.0232141337758386,0,0,0,0,0.0192678732490273,0,0,0,0.00969222240754795,0.0268491778989719,0.0468658801870264,0.0142981601747583,0,0,0.0946134765671356,0.080105066249766,0.187077142575952,0.12298656796781,0.00669797261284015,0,0.0359432704389225,0,0.020297192643278,0.0206693783171827,0,0.0433782526434557,0.00172999505498753,0,0,0,0.00314328445769683,0.0140290130370642,0.00983469314154454,0.0286615718882541,0.00808531291558338,0,0.0238178517947014,0,0,0,0.00192988239506315,0.00174376043394859,0
0.0922406052412237,0,0,0,0.00191340688579746,0.0616107153119624,0.0234549988964012,0,0,0,0,0.0192042620573282,0,0,0,0.00969089440096278,0.0259969899986365,0.0463817461649451,0.0142261695126642,0,0,0.0949564005749239,0.0797069373127671,0.187682022262389,0.123049920152219,0.006814417203001,0,0.0360329927498004,0,0.020385699600587,0.0214287141159373,0,0.0432456028367516,0.00172058449420474,0,0,0,0.00316095124725897,0.0136215849809281,0.00981514717996903,0.0288679778970085,0.00803438683427915,0,0.0231074139497064,0,0,0,0.00194944539638896,0.00170001274195748,0
0.0921508243430412,0,0,0,0.00201924007174576,0.0614811220991289,0.0231555115494322,0,0,0,0,0.0192409777860315,0,0,0,0.00970563801906284,0.026336220678198,0.047091314932627,0.0142674285729895,0,0,0.0950235107522408,0.0789981170827807,0.187939325439879,0.123008991997855,0.00663236991665212,0,0.0363253271916147,0,0.0205821979081342,0.0206951621202132,0,0.0432291963562048,0.00175699179743449,0,0,0,0.00313454212389505,0.0138835649541053,0.00989401182138795,0.0285880404406052,0.00789893446874415,0,0.0233161727308936,0,0,0,0.00191722168768944,0.00172804315741286,0
0.0926781178325852,0,0,0,0.00203069041130671,0.0615502717256866,0.0238980719951943,0,0,0,0,0.0192302714790556,0,0,0,0.0097163439879038,0.0260231048481647,0.0468843229533416,0.0143919392702646,0,0,0.0946944489936822,0.0790003365930143,0.186335556244902,0.123207129310913,0.00688843119593787,0,0.0365561721656279,0,0.0203022288693344,0.020699995427195,0,0.0432861700710676,0.00172238748111683,0,0,0,0.00323067046879039,0.013667182491877,0.00982231982017698,0.0287807023384911,0.00810198160384496,0,0.0235556887108698,0,0,0,0.0020296762470081,0.00171578746264778,0
0.0920799464966329,0,0,0,0.00200270248850898,0.0614558314755618,0.0236834254759206,0,0,0,0,0.0192677685233786,0,0,0,0.00966834280565688,0.0269550997556949,0.0473847196603674,0.0141484272999673,0,0,0.094562964350927,0.0789389993752714,0.18664698310482,0.123197840037438,0.00686705305115582,0,0.036123060584883,0,0.0202963070146743,0.0211025694945135,0,0.0435253766462726,0.00173658055040169,0,0,0,0.00307792836734387,0.0138302541741212,0.0098634260800249,0.0286760332426556,0.00793448744675931,0,0.0233067131026054,0,0,0,0.0019511178670658,0.00171604152737813,0
0.0908954304046356,0,0,0,0.00193148710257059,0.0616309755512005,0.0235784991060139,0,0,0,0,0.0191888553600912,0,0,0,0.0096926986528491,0.0265557893771177,0.0470501930383833,0.0143888443776452,0,0,0.0940892377021319,0.0797829846987891,0.187675097524756,0.12313829895763,0.00677127088436211,0,0.036347446780829,0,0.020332930702971,0.0216629194323575,0,0.043254237909393,0.00170902710613689,0,0,0,0.00317892641457624,0.0137570903588025,0.00991754540432247,0.0287287349120661,0.00796161240922794,0,0.0232717464629326,0,0,0,0.00174937459357023,0.00175874477463928,0
0.092391044952517,0,0,0,0.00190273439096242,0.0616552542865947,0.023128811745325,0,0,0,0,0.0191396950709151,0,0,0,0.00964592295810002,0.0263096180591369,0.0467457475138481,0.0143615099829819,0,0,0.0946057899300731,0.0796883409888158,0.187413247249216,0.123122217046342,0.00687092712931057,0,0.0364492089984391,0,0.0199793112384168,0.0213750220061418,0,0.0432649852844286,0.00166751355060718,0,0,0,0.00315072657222479,0.013782559183066,0.00990451283061196,0.0286029743256998,0.00793440770662369,0,0.0231133144544762,0,0,0,0.00201376833399787,0.00178083421112773,0
0.0928075830931926,0,0,0,0.0018729719120316,0.0616171229486953,0.0231033758332545,0,0,0,0,0.0191912692800083,0,0,0,0.0096539846320785,0.0264131677770008,0.047091232461158,0.014270625317488,0,0,0.0948647155281223,0.079268176246352,0.187066810050693,0.123043458741657,0.00685505375663379,0,0.0355599860525111,0,0.0205223705189159,0.0208566920136922,0,0.0432269656839814,0.00174534413164406,0,0,0,0.0031378058492615,0.0137017224524846,0.00994042923293212,0.0288528637681732,0.00797148280014437,0,0.0235671858558081,0,0,0,0.00202351842451455,0.00177408563757206,0
0.0925700953236864,0,0,0,0.00186837953121088,0.061521039427607,0.0230240241491542,0,0,0,0,0.0193774778851453,0,0,0,0.00964056589997069,0.0269283620110071,0.0476597729124816,0.0142827791774371,0,0,0.0945523137457582,0.0798254451319048,0.186126043044265,0.12312341964188,0.00668436523187822,0,0.0360198752874769,0,0.0205018357845316,0.0211738677469138,0,0.043277811501636,0.00174987330840211,0,0,0,0.00314961208841823,0.0137586546494282,0.00982420013358014,0.0284470675078618,0.00799327678847566,0,0.0232907664668073,0,0,0,0.00192338526722149,0.00170569035585993,0
0.0921213014407258,0,0,0,0.00199049859102408,0.061586953486129,0.0231894379250377,0,0,0,0,0.0193019245637207,0,0,0,0.00965517418780701,0.0266646682738362,0.047859360182167,0.0140731421182789,0,0,0.0946297738984385,0.0805290770873096,0.186244786181807,0.123215002103727,0.00691540869436312,0,0.0362209300077162,0,0.0203825232751047,0.0201501638829457,0,0.0432605875529629,0.0017279786180973,0,0,0,0.00314942039480566,0.0137329672816858,0.0099169457086367,0.0285472008407142,0.00795114845117934,0,0.0232343540872634,0,0,0,0.00199113141980762,0.00175813974470835,0
0.0916637371173895,0,0,0,0.00204707621186623,0.0615874785855711,0.0232337790942134,0,0,0,0,0.0192590107595723,0,0,0,0.00965317898522974,0.0262748603227748,0.0475302753240561,0.0141753749435415,0,0,0.0943937178911828,0.0805445270186639,0.186893072812784,0.123076229647866,0.00697465059743082,0,0.0360488524855036,0,0.0203450135682392,0.020651815294253,0,0.0434887102024893,0.00171641173437895,0,0,0,0.00310835567220637,0.0134578499276177,0.00984575594935204,0.0285378699323089,0.00803076759700085,0,0.023777976997237,0,0,0,0.00196317645948564,0.00172047486778535,0
0.0923301277306218,0,0,0,0.00208516685401712,0.0615318227339162,0.0233150188008893,0,0,0,0,0.0192137202893213,0,0,0,0.00968443221559151,0.0263647705164316,0.0465757545780178,0.0142162498474401,0,0,0.0948013134570502,0.0799668810217736,0.186578650849981,0.123023448538251,0.0068864622108979,0,0.0362297681953536,0,0.0203409086985492,0.0206944548132531,0,0.0432824987484641,0.00175698185236982,0,0,0,0.00314833201165171,0.0138396046940654,0.0098251969272076,0.0288100647371336,0.00790719044970565,0,0.0238533581186833,0,0,0,0.00202552705542019,0.0017122940539418,0
